moritzschuetz1@gmail.com ; 27.01.2019 ; Moritz
julitastic8@gmail.com ; ; Julian
mluft16@gmail.com ; 16.09.1970 ; Markus
bioluki@gmail.com ; 24.12.2000 ; Lukas
tim@rohrbach-weinbau.de ; ; Tim
loeser.tobias01@gmail.com ; ; Tobias
benjamin.viken@outlook.com ; ; Benjamin
marapfeffer30@gmail.com ; ; Mara
leon.fisel@gmail.com ; ; Léon
davidkinzel2000@gmail.com ; ; David
tim.g.schuetz@gmx.de ; ; Tim
